date,btc
25/07/2016,654.096985
26/07/2016,651.783997
27/07/2016,654.35199
28/07/2016,655.034973
29/07/2016,656.992004
01/08/2016,606.271973
02/08/2016,547.465027
03/08/2016,566.35498
04/08/2016,578.289001
05/08/2016,575.04303
08/08/2016,591.054016
09/08/2016,587.801025
10/08/2016,592.103027
11/08/2016,589.119995
12/08/2016,587.559021
13/08/2016,585.588013
14/08/2016,570.473022
15/08/2016,567.23999
16/08/2016,577.439026
17/08/2016,573.216003
18/08/2016,574.317993
19/08/2016,575.630005
20/08/2016,581.697021
21/08/2016,581.307983
22/08/2016,586.752991
23/08/2016,583.414978
24/08/2016,580.182007
25/08/2016,577.760986
26/08/2016,579.651001
27/08/2016,569.947021
28/08/2016,573.911987
29/08/2016,574.106995
30/08/2016,577.502991
31/08/2016,575.471985
01/09/2016,572.302979
02/09/2016,575.536987
03/09/2016,598.211975
04/09/2016,608.633972
05/09/2016,606.590027
06/09/2016,610.435974
07/09/2016,614.544006
08/09/2016,626.315979
09/09/2016,622.861023
10/09/2016,623.508972
11/09/2016,606.718994
12/09/2016,608.242981
13/09/2016,609.241028
14/09/2016,610.684021
15/09/2016,607.155029
16/09/2016,606.973022
17/09/2016,605.984009
18/09/2016,609.874023
19/09/2016,609.22699
20/09/2016,608.312012
21/09/2016,597.148987
22/09/2016,596.297974
23/09/2016,602.84198
24/09/2016,602.625
25/09/2016,600.825989
26/09/2016,608.04303
27/09/2016,606.166016
28/09/2016,604.728027
29/09/2016,605.692993
30/09/2016,609.734985
01/10/2016,613.982971
02/10/2016,610.892029
03/10/2016,612.132996
04/10/2016,610.203979
05/10/2016,612.510986
06/10/2016,613.020996
07/10/2016,617.120972
08/10/2016,619.107971
09/10/2016,616.752014
10/10/2016,618.994019
11/10/2016,641.072021
12/10/2016,636.192017
13/10/2016,636.786011
14/10/2016,640.377991
15/10/2016,638.645996
16/10/2016,641.630981
17/10/2016,639.192993
18/10/2016,637.960022
19/10/2016,630.52002
20/10/2016,630.856995
21/10/2016,632.828003
22/10/2016,657.294006
23/10/2016,657.070984
24/10/2016,653.760986
25/10/2016,657.588013
26/10/2016,678.304016
27/10/2016,688.312988
28/10/2016,689.651001
29/10/2016,714.479004
30/10/2016,701.864014
31/10/2016,700.971985
01/11/2016,729.79303
02/11/2016,740.828979
03/11/2016,688.700012
04/11/2016,703.234985
05/11/2016,703.41803
06/11/2016,711.521973
07/11/2016,703.130981
08/11/2016,709.848022
09/11/2016,723.27301
10/11/2016,715.533997
11/11/2016,716.411011
12/11/2016,705.054016
13/11/2016,702.031006
14/11/2016,705.020996
15/11/2016,711.619019
16/11/2016,744.197998
17/11/2016,740.97699
18/11/2016,751.585022
19/11/2016,751.616028
20/11/2016,731.026001
21/11/2016,739.247986
22/11/2016,751.346985
23/11/2016,744.593994
24/11/2016,740.289001
25/11/2016,741.648987
26/11/2016,735.382019
27/11/2016,732.034973
28/11/2016,735.812988
29/11/2016,735.604004
30/11/2016,745.690979
01/12/2016,756.773987
02/12/2016,777.94397
03/12/2016,771.155029
04/12/2016,773.872009
05/12/2016,758.700012
06/12/2016,764.223999
07/12/2016,768.132019
08/12/2016,770.809998
09/12/2016,772.794006
10/12/2016,774.650024
11/12/2016,769.731018
12/12/2016,780.086975
13/12/2016,780.55603
14/12/2016,781.481018
15/12/2016,778.088013
16/12/2016,784.906982
17/12/2016,790.828979
18/12/2016,790.530029
19/12/2016,792.713989
20/12/2016,800.875977
21/12/2016,834.281006
22/12/2016,864.539978
23/12/2016,921.984009
24/12/2016,898.822021
25/12/2016,896.182983
26/12/2016,907.609985
27/12/2016,933.197998
28/12/2016,975.921021
29/12/2016,973.497009
30/12/2016,961.237976
31/12/2016,963.742981
01/01/2017,998.325012
02/01/2017,1021.75
03/01/2017,1043.839966
04/01/2017,1154.72998
05/01/2017,1013.380005
06/01/2017,902.200989
07/01/2017,908.585022
08/01/2017,911.198975
09/01/2017,902.828003
10/01/2017,907.679016
11/01/2017,777.757019
12/01/2017,804.833984
13/01/2017,823.984009
14/01/2017,818.411987
15/01/2017,821.797974
16/01/2017,831.533997
17/01/2017,907.937988
18/01/2017,886.617981
19/01/2017,899.072998
20/01/2017,895.026001
21/01/2017,921.789001
22/01/2017,924.672974
23/01/2017,921.012024
24/01/2017,892.687012
25/01/2017,901.541992
26/01/2017,917.585999
27/01/2017,919.75
28/01/2017,921.590027
29/01/2017,919.495972
30/01/2017,920.382019
31/01/2017,970.403015
01/02/2017,989.02301
02/02/2017,1011.799988
03/02/2017,1029.910034
04/02/2017,1042.900024
05/02/2017,1027.339966
06/02/2017,1038.150024
07/02/2017,1061.349976
08/02/2017,1063.069946
09/02/2017,994.382996
10/02/2017,988.674011
11/02/2017,1004.450012
12/02/2017,999.18103
13/02/2017,990.642029
14/02/2017,1004.549988
15/02/2017,1007.47998
16/02/2017,1027.439941
17/02/2017,1046.209961
18/02/2017,1054.420044
19/02/2017,1047.869995
20/02/2017,1079.97998
21/02/2017,1115.300049
22/02/2017,1117.439941
23/02/2017,1166.719971
24/02/2017,1173.680054
25/02/2017,1143.839966
26/02/2017,1165.199951
27/02/2017,1179.969971
28/02/2017,1179.969971
01/03/2017,1222.5
02/03/2017,1251.01001
03/03/2017,1274.98999
04/03/2017,1255.150024
05/03/2017,1267.119995
06/03/2017,1272.829956
07/03/2017,1223.540039
08/03/2017,1150
09/03/2017,1188.48999
10/03/2017,1116.719971
11/03/2017,1175.829956
12/03/2017,1221.380005
13/03/2017,1231.920044
14/03/2017,1240
15/03/2017,1249.609985
16/03/2017,1187.810059
17/03/2017,1100.22998
18/03/2017,973.817993
19/03/2017,1036.73999
20/03/2017,1054.22998
21/03/2017,1120.540039
22/03/2017,1049.140015
23/03/2017,1038.589966
24/03/2017,937.52002
25/03/2017,972.778992
26/03/2017,966.724976
27/03/2017,1045.77002
28/03/2017,1047.150024
29/03/2017,1039.969971
30/03/2017,1026.430054
31/03/2017,1071.790039
01/04/2017,1080.5
02/04/2017,1102.170044
03/04/2017,1143.810059
04/04/2017,1133.25
05/04/2017,1124.780029
06/04/2017,1182.680054
07/04/2017,1176.900024
08/04/2017,1175.949951
09/04/2017,1187.869995
10/04/2017,1187.130005
11/04/2017,1205.01001
12/04/2017,1200.369995
13/04/2017,1169.280029
14/04/2017,1167.540039
15/04/2017,1172.52002
16/04/2017,1182.939941
17/04/2017,1193.910034
18/04/2017,1211.670044
19/04/2017,1210.290039
20/04/2017,1229.079956
21/04/2017,1222.050049
22/04/2017,1231.709961
23/04/2017,1207.209961
24/04/2017,1250.150024
25/04/2017,1265.48999
26/04/2017,1281.079956
27/04/2017,1317.72998
28/04/2017,1316.47998
29/04/2017,1321.790039
30/04/2017,1347.890015
01/05/2017,1421.599976
02/05/2017,1452.819946
03/05/2017,1490.089966
04/05/2017,1537.670044
05/05/2017,1555.449951
06/05/2017,1578.800049
07/05/2017,1596.709961
08/05/2017,1723.349976
09/05/2017,1755.359985
10/05/2017,1787.130005
11/05/2017,1848.569946
12/05/2017,1724.23999
13/05/2017,1804.910034
14/05/2017,1808.910034
15/05/2017,1738.430054
16/05/2017,1734.449951
17/05/2017,1839.089966
18/05/2017,1888.650024
19/05/2017,1987.709961
20/05/2017,2084.72998
21/05/2017,2041.199951
22/05/2017,2173.399902
23/05/2017,2320.419922
24/05/2017,2443.639893
25/05/2017,2304.97998
26/05/2017,2202.419922
27/05/2017,2038.869995
28/05/2017,2155.800049
29/05/2017,2255.610107
30/05/2017,2175.469971
31/05/2017,2286.409912
01/06/2017,2407.879883
02/06/2017,2488.550049
03/06/2017,2515.350098
04/06/2017,2511.810059
05/06/2017,2686.810059
06/06/2017,2863.199951
07/06/2017,2732.159912
08/06/2017,2805.620117
09/06/2017,2823.810059
10/06/2017,2947.709961
11/06/2017,2958.110107
12/06/2017,2659.629883
13/06/2017,2717.02002
14/06/2017,2506.370117
15/06/2017,2464.580078
16/06/2017,2518.560059
17/06/2017,2655.879883
18/06/2017,2548.290039
19/06/2017,2589.600098
20/06/2017,2721.790039
21/06/2017,2689.100098
22/06/2017,2705.409912
23/06/2017,2744.909912
24/06/2017,2608.719971
25/06/2017,2589.409912
26/06/2017,2478.449951
27/06/2017,2552.449951
28/06/2017,2574.790039
29/06/2017,2539.320068
30/06/2017,2480.840088
01/07/2017,2434.550049
02/07/2017,2506.469971
03/07/2017,2564.060059
04/07/2017,2601.639893
05/07/2017,2601.98999
06/07/2017,2608.560059
07/07/2017,2518.659912
08/07/2017,2571.340088
09/07/2017,2518.439941
10/07/2017,2372.560059
11/07/2017,2337.790039
12/07/2017,2398.840088
13/07/2017,2357.899902
14/07/2017,2233.340088
15/07/2017,1998.859985
16/07/2017,1929.819946
17/07/2017,2228.409912
18/07/2017,2318.879883
19/07/2017,2273.429932
20/07/2017,2817.600098
21/07/2017,2667.76001
22/07/2017,2810.120117
23/07/2017,2730.399902
24/07/2017,2754.860107
25/07/2017,2576.47998
26/07/2017,2529.449951
27/07/2017,2671.780029
28/07/2017,2809.01001
29/07/2017,2726.449951
30/07/2017,2757.179932
31/07/2017,2875.340088
01/08/2017,2718.26001
02/08/2017,2710.669922
03/08/2017,2804.72998
04/08/2017,2895.889893
05/08/2017,3252.909912
06/08/2017,3213.939941
07/08/2017,3378.939941
08/08/2017,3419.939941
09/08/2017,3342.469971
10/08/2017,3381.280029
11/08/2017,3650.620117
12/08/2017,3884.709961
13/08/2017,4073.26001
14/08/2017,4325.129883
15/08/2017,4181.930176
16/08/2017,4376.629883
17/08/2017,4331.689941
18/08/2017,4160.620117
19/08/2017,4193.700195
20/08/2017,4087.659912
21/08/2017,4001.73999
22/08/2017,4100.52002
23/08/2017,4151.52002
24/08/2017,4334.680176
25/08/2017,4371.600098
26/08/2017,4352.399902
27/08/2017,4382.879883
28/08/2017,4382.660156
29/08/2017,4579.02002
30/08/2017,4565.299805
31/08/2017,4703.390137
01/09/2017,4892.009766
02/09/2017,4578.77002
03/09/2017,4582.959961
04/09/2017,4236.310059
05/09/2017,4376.529785
06/09/2017,4597.120117
07/09/2017,4599.879883
08/09/2017,4228.75
09/09/2017,4226.060059
10/09/2017,4122.939941
11/09/2017,4161.27002
12/09/2017,4130.810059
13/09/2017,3882.590088
14/09/2017,3154.949951
15/09/2017,3637.52002
16/09/2017,3625.040039
17/09/2017,3582.879883
18/09/2017,4065.199951
19/09/2017,3924.969971
20/09/2017,3905.949951
21/09/2017,3631.040039
22/09/2017,3630.699951
23/09/2017,3792.399902
24/09/2017,3682.840088
25/09/2017,3926.070068
26/09/2017,3892.350098
27/09/2017,4200.669922
28/09/2017,4174.72998
29/09/2017,4163.069824
30/09/2017,4338.709961
01/10/2017,4403.740234
02/10/2017,4409.319824
03/10/2017,4317.47998
04/10/2017,4229.359863
05/10/2017,4328.410156
06/10/2017,4370.810059
07/10/2017,4426.890137
08/10/2017,4610.47998
09/10/2017,4772.02002
10/10/2017,4781.990234
11/10/2017,4826.47998
12/10/2017,5446.910156
13/10/2017,5647.209961
14/10/2017,5831.790039
15/10/2017,5678.189941
16/10/2017,5725.589844
17/10/2017,5605.509766
18/10/2017,5590.689941
19/10/2017,5708.52002
20/10/2017,6011.450195
21/10/2017,6031.600098
22/10/2017,6008.419922
23/10/2017,5930.319824
24/10/2017,5526.640137
25/10/2017,5750.799805
26/10/2017,5904.830078
27/10/2017,5780.899902
28/10/2017,5753.089844
29/10/2017,6153.850098
30/10/2017,6130.529785
31/10/2017,6468.399902
01/11/2017,6767.310059
02/11/2017,7078.5
03/11/2017,7207.759766
04/11/2017,7379.950195
05/11/2017,7407.410156
06/11/2017,7022.759766
07/11/2017,7144.379883
08/11/2017,7459.689941
09/11/2017,7143.580078
10/11/2017,6618.140137
11/11/2017,6357.600098
12/11/2017,5950.069824
13/11/2017,6559.490234
14/11/2017,6635.75
15/11/2017,7315.540039
16/11/2017,7871.689941
17/11/2017,7708.990234
18/11/2017,7790.149902
19/11/2017,8036.490234
20/11/2017,8200.639648
21/11/2017,8071.259766
22/11/2017,8253.549805
23/11/2017,8038.77002
24/11/2017,8253.69043
25/11/2017,8790.919922
26/11/2017,9330.549805
27/11/2017,9818.349609
28/11/2017,10058.79981
29/11/2017,9888.610352
30/11/2017,10233.59961
01/12/2017,10975.59961
02/12/2017,11074.59961
03/12/2017,11323.2002
04/12/2017,11657.2002
05/12/2017,11916.7002
06/12/2017,14291.5
07/12/2017,17899.69922
08/12/2017,16569.40039
09/12/2017,15178.2002
10/12/2017,15455.40039
11/12/2017,16936.80078
12/12/2017,17415.40039
13/12/2017,16408.19922
14/12/2017,16564
15/12/2017,17706.90039
16/12/2017,19497.40039
17/12/2017,19140.80078
18/12/2017,19114.19922
19/12/2017,17776.69922
20/12/2017,16624.59961
21/12/2017,15802.90039
22/12/2017,13831.79981
23/12/2017,14699.2002
24/12/2017,13925.79981
25/12/2017,14026.59961
26/12/2017,16099.79981
27/12/2017,15838.5
28/12/2017,14606.5
29/12/2017,14656.2002
30/12/2017,12952.2002
31/12/2017,14156.40039
01/01/2018,13657.2002
02/01/2018,14982.09961
03/01/2018,15201
04/01/2018,15599.2002
05/01/2018,17429.5
06/01/2018,17527
07/01/2018,16477.59961
08/01/2018,15170.09961
09/01/2018,14595.40039
10/01/2018,14973.29981
11/01/2018,13405.79981
12/01/2018,13980.59961
13/01/2018,14360.2002
14/01/2018,13772
15/01/2018,13819.79981
16/01/2018,11490.5
17/01/2018,11188.59961
18/01/2018,11474.90039
19/01/2018,11607.40039
20/01/2018,12899.2002
21/01/2018,11600.09961
22/01/2018,10931.40039
23/01/2018,10868.40039
24/01/2018,11359.40039
25/01/2018,11259.40039
26/01/2018,11171.40039
27/01/2018,11440.7002
28/01/2018,11786.29981
29/01/2018,11296.40039
30/01/2018,10106.29981
31/01/2018,10221.09961
01/02/2018,9170.540039
02/02/2018,8830.75
03/02/2018,9174.910156
04/02/2018,8277.009766
05/02/2018,6955.27002
06/02/2018,7754
07/02/2018,7621.299805
08/02/2018,8265.589844
09/02/2018,8736.980469
10/02/2018,8621.900391
11/02/2018,8129.970215
12/02/2018,8926.570313
13/02/2018,8598.30957
14/02/2018,9494.629883
15/02/2018,10166.40039
16/02/2018,10233.90039
17/02/2018,11112.7002
18/02/2018,10551.79981
19/02/2018,11225.29981
20/02/2018,11403.7002
21/02/2018,10690.40039
22/02/2018,10005
23/02/2018,10301.09961
24/02/2018,9813.070313
25/02/2018,9664.730469
26/02/2018,10366.7002
27/02/2018,10725.59961
28/02/2018,10397.90039
01/03/2018,10951
02/03/2018,11086.40039
03/03/2018,11489.7002
04/03/2018,11512.59961
05/03/2018,11573.29981
06/03/2018,10779.90039
07/03/2018,9965.570313
08/03/2018,9395.009766
09/03/2018,9337.549805
10/03/2018,8866
11/03/2018,9578.629883
12/03/2018,9205.120117
13/03/2018,9194.849609
14/03/2018,8269.80957
15/03/2018,8300.860352
16/03/2018,8338.349609
17/03/2018,7916.879883
18/03/2018,8223.679688
19/03/2018,8630.650391
20/03/2018,8913.469727
21/03/2018,8929.280273
22/03/2018,8728.469727
23/03/2018,8879.620117
24/03/2018,8668.120117
25/03/2018,8495.780273
26/03/2018,8209.400391
27/03/2018,7833.040039
28/03/2018,7954.47998
29/03/2018,7165.700195
30/03/2018,6890.52002
31/03/2018,6973.529785
01/04/2018,6844.22998
02/04/2018,7083.799805
03/04/2018,7456.109863
04/04/2018,6853.839844
05/04/2018,6811.470215
06/04/2018,6636.319824
07/04/2018,6911.089844
08/04/2018,7023.52002
09/04/2018,6770.72998
10/04/2018,6834.759766
11/04/2018,6968.319824
12/04/2018,7889.25
13/04/2018,7895.959961
14/04/2018,7986.240234
15/04/2018,8329.110352
16/04/2018,8058.669922
17/04/2018,7902.089844
18/04/2018,8163.419922
19/04/2018,8294.30957
20/04/2018,8845.830078
21/04/2018,8895.580078
22/04/2018,8802.459961
23/04/2018,8930.879883
24/04/2018,9697.5
25/04/2018,8845.740234
26/04/2018,9281.509766
27/04/2018,8987.049805
28/04/2018,9348.480469
29/04/2018,9419.080078
30/04/2018,9240.549805
01/05/2018,9119.009766
02/05/2018,9235.919922
03/05/2018,9743.860352
04/05/2018,9700.759766
05/05/2018,9858.150391
06/05/2018,9654.799805
07/05/2018,9373.009766
08/05/2018,9234.820313
09/05/2018,9325.179688
10/05/2018,9043.94043
11/05/2018,8441.490234
12/05/2018,8504.889648
13/05/2018,8723.94043
14/05/2018,8716.790039
15/05/2018,8510.379883
16/05/2018,8368.830078
17/05/2018,8094.319824
18/05/2018,8250.969727
19/05/2018,8247.179688
20/05/2018,8513.25
21/05/2018,8418.990234
22/05/2018,8041.779785
23/05/2018,7557.819824
24/05/2018,7587.339844
25/05/2018,7480.140137
26/05/2018,7355.879883
27/05/2018,7368.220215
28/05/2018,7135.990234
29/05/2018,7472.589844
30/05/2018,7406.52002
31/05/2018,7494.169922
01/06/2018,7541.450195
02/06/2018,7643.450195
03/06/2018,7720.25
04/06/2018,7514.470215
05/06/2018,7633.759766
06/06/2018,7653.97998
07/06/2018,7678.240234
08/06/2018,7624.919922
09/06/2018,7531.97998
10/06/2018,6786.02002
11/06/2018,6906.919922
12/06/2018,6582.359863
13/06/2018,6349.899902
14/06/2018,6675.350098
15/06/2018,6456.580078
16/06/2018,6550.160156
17/06/2018,6499.27002
18/06/2018,6734.819824
19/06/2018,6769.939941
20/06/2018,6776.549805
21/06/2018,6729.740234
22/06/2018,6083.689941
23/06/2018,6162.47998
24/06/2018,6173.22998
25/06/2018,6249.180176
26/06/2018,6093.669922
27/06/2018,6157.129883
28/06/2018,5903.439941
29/06/2018,6218.299805
30/06/2018,6404
01/07/2018,6385.819824
02/07/2018,6614.180176
03/07/2018,6529.589844
04/07/2018,6597.549805
05/07/2018,6639.140137
06/07/2018,6673.5
07/07/2018,6856.930176
08/07/2018,6773.879883
09/07/2018,6741.75
10/07/2018,6329.950195
11/07/2018,6394.709961
12/07/2018,6228.810059
13/07/2018,6238.049805
14/07/2018,6276.120117
15/07/2018,6359.640137
16/07/2018,6741.75
17/07/2018,7321.040039
18/07/2018,7370.779785
19/07/2018,7466.859863
20/07/2018,7354.129883
21/07/2018,7419.290039
22/07/2018,7418.490234
23/07/2018,7711.109863
24/07/2018,8424.269531
25/07/2018,8181.390137
26/07/2018,7951.580078
27/07/2018,8165.009766
28/07/2018,8192.150391
29/07/2018,8218.459961
30/07/2018,8180.47998
31/07/2018,7780.439941
01/08/2018,7624.910156
02/08/2018,7567.149902
03/08/2018,7434.390137
04/08/2018,7032.850098
05/08/2018,7068.47998
06/08/2018,6951.799805
07/08/2018,6753.120117
08/08/2018,6305.799805
09/08/2018,6568.22998
10/08/2018,6184.709961
11/08/2018,6295.72998
12/08/2018,6322.689941
13/08/2018,6297.569824
14/08/2018,6199.709961
15/08/2018,6308.52002
16/08/2018,6334.72998
17/08/2018,6580.629883
18/08/2018,6423.759766
19/08/2018,6506.069824
20/08/2018,6308.529785
21/08/2018,6488.759766
22/08/2018,6376.709961
23/08/2018,6534.879883
24/08/2018,6719.959961
25/08/2018,6763.189941
26/08/2018,6707.259766
27/08/2018,6884.640137
28/08/2018,7096.279785
29/08/2018,7047.160156
30/08/2018,6978.22998
31/08/2018,7037.580078
01/09/2018,7193.25
02/09/2018,7272.720215
03/09/2018,7260.060059
04/09/2018,7361.660156
05/09/2018,6792.830078
06/09/2018,6529.169922
07/09/2018,6467.069824
08/09/2018,6225.97998
09/09/2018,6300.859863
10/09/2018,6329.700195
11/09/2018,6321.200195
12/09/2018,6351.799805
13/09/2018,6517.310059
14/09/2018,6512.709961
15/09/2018,6543.200195
16/09/2018,6517.180176
17/09/2018,6281.200195
18/09/2018,6371.299805
19/09/2018,6398.540039
20/09/2018,6519.669922
21/09/2018,6734.950195
22/09/2018,6721.97998
23/09/2018,6710.629883
24/09/2018,6595.410156
25/09/2018,6446.470215
26/09/2018,6495
27/09/2018,6676.75
28/09/2018,6644.129883
29/09/2018,6601.959961
30/09/2018,6625.560059
01/10/2018,6589.620117
02/10/2018,6556.100098
03/10/2018,6502.589844
04/10/2018,6576.689941
05/10/2018,6622.47998
06/10/2018,6588.310059
07/10/2018,6602.950195
08/10/2018,6652.22998
09/10/2018,6642.640137
10/10/2018,6585.529785
11/10/2018,6256.240234
12/10/2018,6274.580078
13/10/2018,6285.990234
14/10/2018,6290.930176
15/10/2018,6596.540039
16/10/2018,6596.109863
17/10/2018,6544.430176
18/10/2018,6476.709961
19/10/2018,6465.410156
20/10/2018,6489.189941
21/10/2018,6482.350098
22/10/2018,6487.160156
23/10/2018,6475.740234
24/10/2018,6495.839844
25/10/2018,6476.290039
26/10/2018,6474.75
27/10/2018,6480.379883
28/10/2018,6486.390137
29/10/2018,6332.629883
30/10/2018,6334.27002
31/10/2018,6317.609863
01/11/2018,6377.779785
02/11/2018,6388.439941
03/11/2018,6361.259766
04/11/2018,6376.129883
05/11/2018,6419.660156
06/11/2018,6461.009766
07/11/2018,6530.140137
08/11/2018,6453.720215
09/11/2018,6385.620117
10/11/2018,6409.220215
11/11/2018,6411.27002
12/11/2018,6371.27002
13/11/2018,6359.490234
14/11/2018,5738.350098
15/11/2018,5648.029785
16/11/2018,5575.549805
17/11/2018,5554.330078
18/11/2018,5623.540039
19/11/2018,4871.490234
20/11/2018,4451.870117
21/11/2018,4602.169922
22/11/2018,4365.939941
23/11/2018,4347.109863
24/11/2018,3880.76001
25/11/2018,4009.969971
26/11/2018,3779.129883
27/11/2018,3820.719971
28/11/2018,4257.419922
29/11/2018,4278.84668
30/11/2018,4017.268555
01/12/2018,4214.671875
02/12/2018,4139.87793
03/12/2018,3894.130859
04/12/2018,3956.893799
05/12/2018,3753.994873
06/12/2018,3521.101807
07/12/2018,3419.937256
08/12/2018,3476.114746
09/12/2018,3614.234375
10/12/2018,3502.656006
11/12/2018,3424.588135
12/12/2018,3486.950195
13/12/2018,3313.677246
14/12/2018,3242.484863
15/12/2018,3236.761719
16/12/2018,3252.839111
17/12/2018,3545.864746
18/12/2018,3696.059082
19/12/2018,3745.950684
20/12/2018,4134.441406
21/12/2018,3896.543701
22/12/2018,4014.182617
23/12/2018,3998.980225
24/12/2018,4078.599121
25/12/2018,3815.490723
26/12/2018,3857.297607
27/12/2018,3654.833496
28/12/2018,3923.918701
29/12/2018,3820.408691
30/12/2018,3865.952637
31/12/2018,3742.700439
01/01/2019,3843.52002
02/01/2019,3943.409424
03/01/2019,3836.741211
04/01/2019,3857.717529
05/01/2019,3845.19458
06/01/2019,4076.632568
07/01/2019,4025.248291
08/01/2019,4030.8479
09/01/2019,4035.296387
10/01/2019,3678.924561
11/01/2019,3687.365479
12/01/2019,3661.301025
13/01/2019,3552.953125
14/01/2019,3706.052246
15/01/2019,3630.675293
16/01/2019,3655.006836
17/01/2019,3678.563965
18/01/2019,3657.839355
19/01/2019,3728.568359
20/01/2019,3601.013672
21/01/2019,3576.032471
22/01/2019,3604.577148
23/01/2019,3585.123047
24/01/2019,3600.865479
25/01/2019,3599.765869
26/01/2019,3602.460449
27/01/2019,3583.96582
28/01/2019,3470.450439
29/01/2019,3448.116943
30/01/2019,3486.181641
31/01/2019,3457.792725
01/02/2019,3487.945313
02/02/2019,3521.060791
03/02/2019,3464.013428
04/02/2019,3459.154053
05/02/2019,3466.357422
06/02/2019,3413.767822
07/02/2019,3399.47168
08/02/2019,3666.780273
09/02/2019,3671.203613
10/02/2019,3690.188232
11/02/2019,3648.430664
12/02/2019,3653.528564
13/02/2019,3632.070557
14/02/2019,3616.880859
15/02/2019,3620.810791
16/02/2019,3629.787598
17/02/2019,3673.836182
18/02/2019,3915.714355
19/02/2019,3947.094482
20/02/2019,3999.820557
21/02/2019,3954.118164
22/02/2019,4005.526611
23/02/2019,4142.526855
24/02/2019,3810.42749
25/02/2019,3882.696289
26/02/2019,3854.35791
27/02/2019,3851.047363
28/02/2019,3854.7854
01/03/2019,3859.58374
02/03/2019,3864.415039
03/03/2019,3847.175781
04/03/2019,3761.557129
05/03/2019,3896.375
06/03/2019,3903.942627
07/03/2019,3911.484375
08/03/2019,3901.131592
09/03/2019,3963.313721
10/03/2019,3951.599854
11/03/2019,3905.227295
12/03/2019,3909.15625
13/03/2019,3906.717285
14/03/2019,3924.369141
15/03/2019,3960.911133
16/03/2019,4048.72583
17/03/2019,4025.229004
18/03/2019,4032.507324
19/03/2019,4071.190186
20/03/2019,4087.476318
21/03/2019,4029.326904
22/03/2019,4023.968262
23/03/2019,4035.826416
24/03/2019,4022.168213
25/03/2019,3963.070557
26/03/2019,3985.080811
27/03/2019,4087.066162
28/03/2019,4069.107178
29/03/2019,4098.374512
30/03/2019,4106.660156
31/03/2019,4105.404297
01/04/2019,4158.183105
02/04/2019,4879.87793
03/04/2019,4973.021973
04/04/2019,4922.798828
05/04/2019,5036.681152
06/04/2019,5059.817383
07/04/2019,5198.896973
08/04/2019,5289.770996
09/04/2019,5204.958496
10/04/2019,5324.551758
11/04/2019,5064.487793
12/04/2019,5089.539063
13/04/2019,5096.586426
14/04/2019,5167.722168
15/04/2019,5067.108398
16/04/2019,5235.55957
17/04/2019,5251.937988
18/04/2019,5298.385742
19/04/2019,5303.8125
20/04/2019,5337.88623
21/04/2019,5314.53125
22/04/2019,5399.365234
23/04/2019,5572.362305
24/04/2019,5464.866699
25/04/2019,5210.515625
26/04/2019,5279.348145
27/04/2019,5268.291016
28/04/2019,5285.13916
29/04/2019,5247.352539
30/04/2019,5350.726563
01/05/2019,5402.697266
02/05/2019,5505.283691
03/05/2019,5768.289551
04/05/2019,5831.16748
05/05/2019,5795.708496
06/05/2019,5746.807129
07/05/2019,5829.501465
08/05/2019,5982.45752
09/05/2019,6174.528809
10/05/2019,6378.849121
11/05/2019,7204.771484
12/05/2019,6972.371582
13/05/2019,7814.915039
14/05/2019,7994.416016
15/05/2019,8205.167969
16/05/2019,7884.90918
17/05/2019,7343.895508
18/05/2019,7271.208008
19/05/2019,8197.689453
20/05/2019,7978.309082
21/05/2019,7963.327637
22/05/2019,7680.066406
23/05/2019,7881.84668
24/05/2019,7987.371582
25/05/2019,8052.543945
26/05/2019,8673.21582
27/05/2019,8805.77832
28/05/2019,8719.961914
29/05/2019,8659.487305
30/05/2019,8319.472656
31/05/2019,8574.501953
01/06/2019,8564.016602
02/06/2019,8742.958008
03/06/2019,8208.995117
04/06/2019,7707.770996
05/06/2019,7824.231445
06/06/2019,7822.023438
07/06/2019,8043.951172
08/06/2019,7954.12793
09/06/2019,7688.077148
10/06/2019,8000.32959
11/06/2019,7927.714355
12/06/2019,8145.857422
13/06/2019,8230.923828
14/06/2019,8693.833008
15/06/2019,8838.375
16/06/2019,8994.488281
17/06/2019,9320.352539
18/06/2019,9081.762695
19/06/2019,9273.521484
20/06/2019,9527.160156
21/06/2019,10144.55664
22/06/2019,10701.69141
23/06/2019,10855.37109
24/06/2019,11011.10254
25/06/2019,11790.91699
26/06/2019,13016.23145
27/06/2019,11182.80664
28/06/2019,12407.33203
29/06/2019,11959.37109
30/06/2019,10817.15527
01/07/2019,10583.13477
02/07/2019,10801.67773
03/07/2019,11961.26953
04/07/2019,11215.4375
05/07/2019,10978.45996
06/07/2019,11208.55078
07/07/2019,11450.84668
08/07/2019,12285.95801
09/07/2019,12573.8125
10/07/2019,12156.5127
11/07/2019,11358.66211
12/07/2019,11815.98633
13/07/2019,11392.37891
14/07/2019,10256.05859
15/07/2019,10895.08984
16/07/2019,9477.641602
17/07/2019,9693.802734
18/07/2019,10666.48242
19/07/2019,10530.73242
20/07/2019,10767.13965
21/07/2019,10599.10547
22/07/2019,10343.10645
23/07/2019,9900.767578
24/07/2019,9811.925781
25/07/2019,9911.841797
26/07/2019,9870.303711
27/07/2019,9477.677734
28/07/2019,9552.860352
29/07/2019,9519.145508
30/07/2019,9607.423828
31/07/2019,10085.62793
01/08/2019,10399.66895
02/08/2019,10518.17481
03/08/2019,10821.72656
04/08/2019,10970.18457
05/08/2019,11805.65332
06/08/2019,11478.16895
07/08/2019,11941.96875
08/08/2019,11966.40723
09/08/2019,11862.93652
10/08/2019,11354.02441
11/08/2019,11523.5791
12/08/2019,11382.61621
13/08/2019,10895.83008
14/08/2019,10051.7041
15/08/2019,10311.5459
16/08/2019,10374.33887
17/08/2019,10231.74414
18/08/2019,10345.81055
19/08/2019,10916.05371
20/08/2019,10763.23242
21/08/2019,10138.04981
22/08/2019,10131.05566
23/08/2019,10407.96484
24/08/2019,10159.96094
25/08/2019,10138.51758
26/08/2019,10370.82031
27/08/2019,10185.5
28/08/2019,9754.422852
29/08/2019,9510.200195
30/08/2019,9598.173828
31/08/2019,9630.664063
01/09/2019,9757.970703
02/09/2019,10346.76074
03/09/2019,10623.54004
04/09/2019,10594.49316
05/09/2019,10575.5332
06/09/2019,10353.30273
07/09/2019,10517.25488
08/09/2019,10441.27637
09/09/2019,10334.97461
10/09/2019,10115.97559
11/09/2019,10178.37207
12/09/2019,10410.12695
13/09/2019,10360.54688
14/09/2019,10358.04883
15/09/2019,10347.71289
16/09/2019,10276.79395
17/09/2019,10241.27246
18/09/2019,10198.24805
19/09/2019,10266.41504
20/09/2019,10181.6416
21/09/2019,10019.7168
22/09/2019,10070.39258
23/09/2019,9729.324219
24/09/2019,8620.566406
25/09/2019,8486.993164
26/09/2019,8118.967773
27/09/2019,8251.845703
28/09/2019,8245.915039
29/09/2019,8104.185547
30/09/2019,8293.868164
01/10/2019,8343.276367
02/10/2019,8393.041992
03/10/2019,8259.992188
04/10/2019,8205.939453
05/10/2019,8151.500488
06/10/2019,7988.155762
07/10/2019,8245.623047
08/10/2019,8228.783203
09/10/2019,8595.740234
10/10/2019,8586.473633
11/10/2019,8321.756836
12/10/2019,8336.555664
13/10/2019,8321.005859
14/10/2019,8374.686523
15/10/2019,8205.369141
16/10/2019,8047.526855
17/10/2019,8103.911133
18/10/2019,7973.20752
19/10/2019,7988.560547
20/10/2019,8222.078125
21/10/2019,8243.720703
22/10/2019,8078.203125
23/10/2019,7514.671875
24/10/2019,7493.48877
25/10/2019,8660.700195
26/10/2019,9244.972656
27/10/2019,9551.714844
28/10/2019,9256.148438
29/10/2019,9427.6875
30/10/2019,9205.726563
31/10/2019,9199.584961
01/11/2019,9261.104492
02/11/2019,9324.717773
03/11/2019,9235.354492
04/11/2019,9412.612305
05/11/2019,9342.527344
06/11/2019,9360.879883
07/11/2019,9267.561523
08/11/2019,8804.880859
09/11/2019,8813.582031
10/11/2019,9055.526367
11/11/2019,8757.788086
12/11/2019,8815.662109
13/11/2019,8808.262695
14/11/2019,8708.094727
15/11/2019,8491.992188
16/11/2019,8550.760742
17/11/2019,8577.975586
18/11/2019,8309.286133
19/11/2019,8206.145508
20/11/2019,8027.268066
21/11/2019,7642.75
22/11/2019,7296.577637
23/11/2019,7397.796875
24/11/2019,7047.916992
25/11/2019,7146.133789
26/11/2019,7218.371094
27/11/2019,7531.663574
28/11/2019,7463.105957
29/11/2019,7761.243652
30/11/2019,7569.629883
01/12/2019,7424.29248
02/12/2019,7321.988281
03/12/2019,7320.145508
04/12/2019,7252.034668
05/12/2019,7448.307617
06/12/2019,7546.996582
07/12/2019,7556.237793
08/12/2019,7564.345215
09/12/2019,7400.899414
10/12/2019,7278.119629
11/12/2019,7217.427246
12/12/2019,7243.134277
13/12/2019,7269.68457
14/12/2019,7124.673828
15/12/2019,7152.301758
16/12/2019,6932.480469
17/12/2019,6640.515137
18/12/2019,7276.802734
19/12/2019,7202.844238
20/12/2019,7218.816406
21/12/2019,7191.158691
22/12/2019,7511.588867
23/12/2019,7355.628418
24/12/2019,7322.532227
25/12/2019,7275.155762
26/12/2019,7238.966797
27/12/2019,7290.088379
28/12/2019,7317.990234
29/12/2019,7422.652832
30/12/2019,7292.995117
31/12/2019,7193.599121
01/01/2020,7200.174316
02/01/2020,6985.470215
03/01/2020,7344.884277
04/01/2020,7410.656738
05/01/2020,7411.317383
06/01/2020,7769.219238
07/01/2020,8163.692383
08/01/2020,8079.862793
09/01/2020,7879.071289
10/01/2020,8166.554199
11/01/2020,8037.537598
12/01/2020,8192.494141
13/01/2020,8144.194336
14/01/2020,8827.764648
15/01/2020,8807.010742
16/01/2020,8723.786133
17/01/2020,8929.038086
18/01/2020,8942.808594
19/01/2020,8706.245117
20/01/2020,8657.642578
21/01/2020,8745.894531
22/01/2020,8680.875977
23/01/2020,8406.515625
24/01/2020,8445.43457
25/01/2020,8367.847656
26/01/2020,8596.830078
27/01/2020,8909.819336
28/01/2020,9358.589844
29/01/2020,9316.629883
30/01/2020,9508.993164
31/01/2020,9350.529297
01/02/2020,9392.875
02/02/2020,9344.365234
03/02/2020,9293.521484
04/02/2020,9180.962891
05/02/2020,9613.423828
06/02/2020,9729.801758
07/02/2020,9795.943359
08/02/2020,9865.119141
09/02/2020,10116.67383
10/02/2020,9856.611328
11/02/2020,10208.23633
12/02/2020,10326.05469
13/02/2020,10214.37988
14/02/2020,10312.11621
15/02/2020,9889.424805
16/02/2020,9934.433594
17/02/2020,9690.142578
18/02/2020,10141.99609
19/02/2020,9633.386719
20/02/2020,9608.475586
21/02/2020,9686.441406
22/02/2020,9663.181641
23/02/2020,9924.515625
24/02/2020,9650.174805
25/02/2020,9341.705078
26/02/2020,8820.522461
27/02/2020,8784.494141
28/02/2020,8672.455078
29/02/2020,8599.508789
01/03/2020,8562.454102
02/03/2020,8869.669922
03/03/2020,8787.786133
04/03/2020,8755.246094
05/03/2020,9078.762695
06/03/2020,9122.545898
07/03/2020,8909.954102
08/03/2020,8108.116211
09/03/2020,7923.644531
10/03/2020,7909.729492
11/03/2020,7911.430176
12/03/2020,4970.788086
13/03/2020,5563.707031
14/03/2020,5200.366211
15/03/2020,5392.314941
16/03/2020,5014.47998
17/03/2020,5225.629395
18/03/2020,5238.438477
19/03/2020,6191.192871
20/03/2020,6198.77832
21/03/2020,6185.066406
22/03/2020,5830.254883
23/03/2020,6416.314941
24/03/2020,6734.803711
25/03/2020,6681.062988
26/03/2020,6716.44043
27/03/2020,6469.79834
28/03/2020,6242.193848
29/03/2020,5922.042969
30/03/2020,6429.841797
31/03/2020,6438.644531
01/04/2020,6606.776367
02/04/2020,6793.624512
03/04/2020,6733.387207
04/04/2020,6867.527344
05/04/2020,6791.129395
06/04/2020,7271.78125
07/04/2020,7176.414551
08/04/2020,7334.098633
09/04/2020,7302.089355
10/04/2020,6865.493164
11/04/2020,6859.083008
12/04/2020,6971.091797
13/04/2020,6845.037598
14/04/2020,6842.427734
15/04/2020,6642.109863
16/04/2020,7116.804199
17/04/2020,null
18/04/2020,7257.665039
19/04/2020,7189.424805
20/04/2020,6881.958496
21/04/2020,6880.323242
22/04/2020,7117.20752
23/04/2020,7429.724609
24/04/2020,7550.900879
25/04/2020,7569.936035
26/04/2020,7679.867188
27/04/2020,7795.601074
28/04/2020,7807.058594
29/04/2020,8801.038086
30/04/2020,8658.553711
01/05/2020,8864.766602
02/05/2020,8988.59668
03/05/2020,8897.46875
04/05/2020,8912.654297
05/05/2020,9003.070313
06/05/2020,9268.761719
07/05/2020,9951.518555
08/05/2020,9842.666016
09/05/2020,9593.896484
10/05/2020,8756.430664
11/05/2020,8601.795898
12/05/2020,8804.477539
13/05/2020,9269.987305
14/05/2020,9733.72168
15/05/2020,9328.197266
16/05/2020,9377.013672
17/05/2020,9670.739258
18/05/2020,9726.575195
19/05/2020,9729.038086
20/05/2020,9522.981445
21/05/2020,9081.761719
22/05/2020,9182.577148
23/05/2020,9209.287109
24/05/2020,8790.368164
25/05/2020,8906.93457
26/05/2020,8835.052734
27/05/2020,9181.017578
28/05/2020,9525.750977
29/05/2020,9439.124023
30/05/2020,9700.414063
31/05/2020,9461.058594
01/06/2020,10167.26856
02/06/2020,9529.803711
03/06/2020,9656.717773
04/06/2020,9800.636719
05/06/2020,9665.533203
06/06/2020,9653.679688
07/06/2020,9758.852539
08/06/2020,9771.489258
09/06/2020,9795.700195
10/06/2020,9870.094727
11/06/2020,9321.78125
12/06/2020,9480.84375
13/06/2020,9475.277344
14/06/2020,9386.788086
15/06/2020,9450.702148
16/06/2020,9538.024414
17/06/2020,9480.254883
18/06/2020,9411.84082
19/06/2020,9288.018555
20/06/2020,9332.34082
21/06/2020,9303.629883
22/06/2020,9648.717773
23/06/2020,9629.658203
24/06/2020,9313.610352
25/06/2020,9264.813477
26/06/2020,9162.917969
27/06/2020,9045.390625
28/06/2020,9143.582031
29/06/2020,9190.854492
30/06/2020,9137.993164
01/07/2020,9228.325195
02/07/2020,9123.410156
03/07/2020,9087.303711
04/07/2020,9132.488281
05/07/2020,9073.942383
06/07/2020,9375.474609
07/07/2020,9252.277344
08/07/2020,9428.333008
09/07/2020,9277.967773
10/07/2020,9278.807617
11/07/2020,9240.34668
12/07/2020,9276.5
13/07/2020,9243.614258
14/07/2020,9243.213867
15/07/2020,9192.836914
16/07/2020,9132.227539
17/07/2020,9151.392578
18/07/2020,9159.040039
19/07/2020,9185.817383
20/07/2020,9164.231445
21/07/2020,9374.887695
22/07/2020,9525.363281
23/07/2020,9581.072266
24/07/2020,9536.892578
25/07/2020,9677.113281
26/07/2020,9905.166992
27/07/2020,10990.87305
28/07/2020,10912.82324
29/07/2020,11100.46777
30/07/2020,11111.21387
31/07/2020,11323.4668
01/08/2020,11759.59277
02/08/2020,11053.61426
03/08/2020,11246.34863
04/08/2020,11205.89258
05/08/2020,11747.02246
06/08/2020,11779.77344
07/08/2020,11601.47266
08/08/2020,11754.0459
09/08/2020,11675.73926
10/08/2020,11878.11133
11/08/2020,11410.52539
12/08/2020,11584.93457
13/08/2020,11784.1377
14/08/2020,11768.87109
15/08/2020,11865.69824
16/08/2020,11892.80371
17/08/2020,12254.40234
18/08/2020,11991.2334
19/08/2020,11758.2832
20/08/2020,11878.37207
21/08/2020,11592.48926
22/08/2020,11681.8252
23/08/2020,11664.84766
24/08/2020,11774.5957
25/08/2020,11366.13477
26/08/2020,11488.36328
27/08/2020,11323.39746
28/08/2020,11542.5
29/08/2020,11506.86523
30/08/2020,11711.50586
31/08/2020,11680.82031
01/09/2020,11970.47852
02/09/2020,11414.03418
03/09/2020,10245.29688
04/09/2020,10511.81348
05/09/2020,10169.56738
06/09/2020,10280.35156
07/09/2020,10369.56348
08/09/2020,10131.5166
09/09/2020,10242.34766
10/09/2020,10363.13867
11/09/2020,10400.91504
12/09/2020,10442.1709
13/09/2020,10323.75586
14/09/2020,10680.83789
15/09/2020,10796.95117
16/09/2020,10974.90527
17/09/2020,10948.99023
18/09/2020,10944.58594
19/09/2020,11094.34668
20/09/2020,10938.27148
21/09/2020,10462.25977
22/09/2020,10538.45996
23/09/2020,10225.86426
24/09/2020,10745.54883
25/09/2020,10702.29004
26/09/2020,10754.4375
27/09/2020,10774.42676
28/09/2020,10721.32715
29/09/2020,10848.83008
30/09/2020,10787.61816
01/10/2020,10623.33008
02/10/2020,10585.16406
03/10/2020,10565.49316
04/10/2020,10684.42871
05/10/2020,10804.00098
06/10/2020,10621.66406
07/10/2020,10679.13672
08/10/2020,10923.62793
09/10/2020,null
10/10/2020,11296.36133
11/10/2020,11384.18164
12/10/2020,null
13/10/2020,null
14/10/2020,11429.50684
15/10/2020,11495.34961
16/10/2020,11322.12305
17/10/2020,11358.10156
18/10/2020,11483.35938
19/10/2020,11742.03711
20/10/2020,11916.33496
21/10/2020,12823.68945
22/10/2020,12965.8916
23/10/2020,12931.53906
24/10/2020,13108.0625
25/10/2020,13031.17383
26/10/2020,13075.24805
27/10/2020,13654.21875
28/10/2020,13271.28516
29/10/2020,13437.88281
30/10/2020,13546.52246
31/10/2020,13780.99512
01/11/2020,13737.10938
02/11/2020,13550.48926
03/11/2020,13950.30078
04/11/2020,14133.70703
05/11/2020,15579.84863
06/11/2020,15565.88086
07/11/2020,14833.75391
08/11/2020,15479.56738
09/11/2020,15332.31543
10/11/2020,15290.90234
11/11/2020,15701.33984
12/11/2020,16276.34375
13/11/2020,16317.80859
14/11/2020,16068.13867
15/11/2020,15955.58789
16/11/2020,16716.11133
17/11/2020,17645.40625
18/11/2020,17804.00586
19/11/2020,17817.08984
20/11/2020,18621.31445
21/11/2020,18642.23242
22/11/2020,18370.00195
23/11/2020,18364.12109
24/11/2020,19107.46484
25/11/2020,18732.12109
26/11/2020,17150.62305
27/11/2020,17108.40234
28/11/2020,17717.41406
29/11/2020,18177.48438
30/11/2020,19625.83594
01/12/2020,18802.99805
02/12/2020,19201.0918
03/12/2020,19445.39844
04/12/2020,18699.76563
05/12/2020,19154.23047
06/12/2020,19345.12109
07/12/2020,19191.63086
08/12/2020,18321.14453
09/12/2020,18553.91602
10/12/2020,18264.99219
11/12/2020,18058.9043
12/12/2020,18803.65625
13/12/2020,19142.38281
14/12/2020,19246.64453
15/12/2020,19417.07617
16/12/2020,21310.59766
17/12/2020,22805.16211
18/12/2020,23137.96094
19/12/2020,23869.83203
20/12/2020,23477.29492
21/12/2020,22803.08203
22/12/2020,23783.0293
23/12/2020,23241.3457
24/12/2020,23735.94922
25/12/2020,24664.79102
26/12/2020,26437.03711
27/12/2020,26272.29492
28/12/2020,27084.80859
29/12/2020,27362.4375
30/12/2020,28840.95313
31/12/2020,29001.7207
01/01/2021,29374.15234
02/01/2021,32127.26758
03/01/2021,32782.02344
04/01/2021,31971.91406
05/01/2021,33992.42969
06/01/2021,36824.36328
07/01/2021,39371.04297
08/01/2021,40797.60938
09/01/2021,40254.54688
10/01/2021,38356.44141
11/01/2021,35566.65625
12/01/2021,33922.96094
13/01/2021,37316.35938
14/01/2021,39187.32813
15/01/2021,36825.36719
16/01/2021,36178.14063
17/01/2021,35791.27734
18/01/2021,36630.07422
19/01/2021,36069.80469
20/01/2021,35547.75
21/01/2021,30825.69922
22/01/2021,33005.76172
23/01/2021,32067.64258
24/01/2021,32289.37891
25/01/2021,32366.39258
26/01/2021,32569.84961
27/01/2021,30432.54688
28/01/2021,31649.60547
29/01/2021,34316.38672
30/01/2021,34269.52344
31/01/2021,33114.35938
01/02/2021,33537.17578
02/02/2021,35510.28906
03/02/2021,37472.08984
04/02/2021,36926.06641
05/02/2021,38144.30859
06/02/2021,39266.01172
07/02/2021,38903.44141
08/02/2021,46196.46484
09/02/2021,46481.10547
10/02/2021,44918.18359
11/02/2021,47909.33203
12/02/2021,47504.85156
13/02/2021,47105.51563
14/02/2021,48717.28906
15/02/2021,47945.05859
16/02/2021,49199.87109
17/02/2021,52149.00781
18/02/2021,51679.79688
19/02/2021,55888.13281
20/02/2021,56099.51953
21/02/2021,57539.94531
22/02/2021,54207.32031
23/02/2021,48824.42578
24/02/2021,49705.33203
25/02/2021,47093.85156
26/02/2021,46339.76172
27/02/2021,46188.45313
28/02/2021,45137.76953
01/03/2021,49631.24219
02/03/2021,48378.98828
03/03/2021,50538.24219
04/03/2021,48561.16797
05/03/2021,48927.30469
06/03/2021,48912.38281
07/03/2021,51206.69141
08/03/2021,52246.52344
09/03/2021,54824.11719
10/03/2021,56008.55078
11/03/2021,57805.12109
12/03/2021,57332.08984
13/03/2021,61243.08594
14/03/2021,59302.31641
15/03/2021,55907.19922
16/03/2021,56804.90234
17/03/2021,58870.89453
18/03/2021,57858.92188
19/03/2021,58346.65234
20/03/2021,58313.64453
21/03/2021,57523.42188
22/03/2021,54529.14453
23/03/2021,54738.94531
24/03/2021,52774.26563
25/03/2021,51704.16016
26/03/2021,55137.3125
27/03/2021,55973.51172
28/03/2021,55950.74609
29/03/2021,57750.19922
30/03/2021,58917.69141
31/03/2021,58918.83203
01/04/2021,59095.80859
02/04/2021,59384.3125
03/04/2021,57603.89063
04/04/2021,58758.55469
05/04/2021,59057.87891
06/04/2021,58192.35938
07/04/2021,56048.9375
08/04/2021,58323.95313
09/04/2021,58245.00391
10/04/2021,59793.23438
11/04/2021,60204.96484
12/04/2021,59893.45313
13/04/2021,63503.45703
14/04/2021,63109.69531
15/04/2021,63314.01172
16/04/2021,61572.78906
17/04/2021,60683.82031
18/04/2021,56216.18359
19/04/2021,55724.26563
20/04/2021,56473.03125
21/04/2021,53906.08984
22/04/2021,51762.27344
23/04/2021,51093.65234
24/04/2021,50050.86719
25/04/2021,49004.25391
26/04/2021,54021.75391
27/04/2021,55033.11719
28/04/2021,54824.70313
29/04/2021,53555.10938
30/04/2021,57750.17578
01/05/2021,57828.05078
02/05/2021,56631.07813
03/05/2021,57200.29297
04/05/2021,53333.53906
05/05/2021,57424.00781
06/05/2021,56396.51563
07/05/2021,57356.40234
08/05/2021,58803.77734
09/05/2021,58232.31641
10/05/2021,55859.79688
11/05/2021,56704.57422
12/05/2021,49150.53516
13/05/2021,49716.19141
14/05/2021,49880.53516
15/05/2021,46760.1875
16/05/2021,46456.05859
17/05/2021,43537.51172
18/05/2021,42909.40234
19/05/2021,37002.44141
20/05/2021,40782.73828
21/05/2021,37304.69141
22/05/2021,37536.63281
23/05/2021,34770.58203
24/05/2021,38705.98047
25/05/2021,38402.22266
26/05/2021,39294.19922
27/05/2021,38436.96875
28/05/2021,35697.60547
29/05/2021,34616.06641
30/05/2021,35678.12891
31/05/2021,37332.85547
01/06/2021,36684.92578
02/06/2021,37575.17969
03/06/2021,39208.76563
04/06/2021,36894.40625
05/06/2021,35551.95703
06/06/2021,35862.37891
07/06/2021,33560.70703
08/06/2021,33472.63281
09/06/2021,37345.12109
10/06/2021,36702.59766
11/06/2021,37334.39844
12/06/2021,35552.51563
13/06/2021,39097.85938
14/06/2021,40218.47656
15/06/2021,40406.26953
16/06/2021,38347.0625
17/06/2021,38053.50391
18/06/2021,35787.24609
19/06/2021,35615.87109
20/06/2021,35698.29688
21/06/2021,31676.69336
22/06/2021,32505.66016
23/06/2021,33723.02734
24/06/2021,34662.4375
25/06/2021,31637.7793
26/06/2021,32186.27734
27/06/2021,34649.64453
28/06/2021,34434.33594
29/06/2021,35867.77734
30/06/2021,35040.83594
01/07/2021,33572.11719
02/07/2021,33897.04688
03/07/2021,34668.54688
04/07/2021,35287.78125
05/07/2021,33746.00391
06/07/2021,34235.19531
07/07/2021,33855.32813
08/07/2021,32877.37109
09/07/2021,33798.01172
10/07/2021,33520.51953
11/07/2021,34240.1875
12/07/2021,33155.84766
13/07/2021,32702.02539
14/07/2021,32822.34766
15/07/2021,31780.73047
16/07/2021,31421.53906
17/07/2021,31533.06836
18/07/2021,31796.81055
19/07/2021,30817.83203
20/07/2021,29807.34766
21/07/2021,32110.69336
22/07/2021,32313.10547
23/07/2021,33581.55078
24/07/2021,33796.02344
